ind,title,text,label
0,thegoodsoldier,"leonora, however, was not in the least keen on his soldiering. she hated also his deeds of heroism. one of their bitterest quarrels came after he had, for the second time, in the red sea, jumped overboard from the troopship and rescued a private soldier. she stood it the first time and even complimented him. but the red sea was awful, that trip, and the private soldiers seemed to develop a suicidal craze. it got on leonora's nerves; she figured edward, for the rest of that trip, jumping overboard every ten minutes. and the mere cry of ""man overboard"" is a disagreeable, alarming and disturbing thing. the ship gets stopped and there are all sorts of shouts. and edward would not promise not to do it again, though, fortunately, they struck a streak of cooler weather when they were in the persian gulf. leonora had got it into her head that edward was trying to commit suicide, so i guess it was pretty awful for her when he would not give the promise.",noble_agented
1,thegoodsoldier," ""i said a great deal more to him than i wanted to, just because he was so silent."" she talked, in fact, in the endeavour to sting him into speech. she must have said so much that, with the expression of her grievance, her mood changed. she went back to her own room in the gallery, and sat there for a long time thinking. and she thought herself into a mood of absolute unselfishness, of absolute self-contempt, too. she said to herself that she was no good; that she had failed in all her efforts--in her efforts to get edward back as in her efforts to make him curb his expenditure. she imagined herself to be exhausted; she imagined herself to be done. then a great fear came over her. she thought that edward, after what she had said to him, must have committed suicide. she went out on to the gallery and listened; there was no sound in all the house except the regular beat of the great clock in the hall. but, even in her debased condition, she was not the person to hang about. she acted. she went straight to edward's room, opened the door, and looked in. he was oiling the breech action of a gun.",guilt_penance_self_loathing
2,hamlet,"one woe doth tread upon another's heel, so fast they follow. your sister's drown'd, laertes. laertes. drown'd! o, where? queen. there is a willow grows aslant a brook, that shows his hoary leaves in the glassy stream. there with fantastic garlands did she make of crow-flowers, nettles, daisies, and long purples, that liberal shepherds give a grosser name, but our cold maids do dead men's fingers call them. there on the pendant boughs her coronet weeds clamboring to hang, an envious sliver broke, when down her weedy trophies and herself fell in the weeping brook. her clothes spread wide, and mermaid-like, awhile they bore her up, which time she chaunted snatches of old tunes, as one incapable of her own distress, or like a creature native and indued unto that element. but long it could not be till that her garments, heavy with their drink, pull'd the poor wretch from her melodious lay to muddy death. laertes. alas, then she is drown'd? queen. drown'd, drown'd. laertes. too much of water hast thou, poor ophelia, and therefore i forbid my tears. ",senseless_meaning_making
3,hamlet,"how can that be, unless she drowned herself in her own defence? why, 'tis found so. it must be, it cannot be else. for here lies the point: if i drown myself wittingly, it argues an act: and an act hath three branches. it is to act, to do, and to perform: argal, she drowned herself wittingly.",noble_agented
4,hamlet,"if the man go to this water and drown himself, it is, will he nill he, he goes. mark you that. but if the water come to him and drown him, he drowns not himself. argal, he that is not guilty of his own death shortens not his own life. ",noble_agented
5,hamlet,"if this had not been a gentlewoman, she should have been buried out o' christian burial. why, there thou say'st. and the more pity that great folk should have countenance in this world to drown or hang themselves more than their even christian.",cowardice_foolish_unpleasant
6,mrsdalloway,"but septimus let himself think about horrible things, as she could too, if she tried. he had grown stranger and stranger. he said people were talking behind the bedroom walls. mrs. filmer thought it odd. he saw things too--he had seen an old woman's head in the middle of a fern. yet he could be happy when he chose. they went to hampton court on top of a bus, and they were perfectly happy. all the little red and yellow flowers were out on the grass, like floating lamps he said, and talked and chattered and laughed, making up stories. suddenly he said, ""now we will kill ourselves,"" when they were standing by the river, and he looked at it with a look which she had seen in his eyes when a train went by, or an omnibus--a look as if something fascinated him; and she felt he was going from her and she caught him by the arm. ",hopeless_empty_agony
7,mrsdalloway,"but going home he was perfectly quiet--perfectly reasonable. he would argue with her about killing themselves; and explain how wicked people were; how he could see them making up lies as they passed in the street. he knew all their thoughts, he said; he knew everything. he knew the meaning of the world, he said. then when they got back he could hardly walk. he lay on the sofa and made her hold his hand to prevent him from falling down, down, he cried, into the flames! ",hopeless_empty_agony
8,mrsdalloway," when the damned fool came again, septimus refused to see him. did he indeed? said dr. holmes, smiling agreeably. really he had to give that charming little lady, mrs. smith, a friendly push before he could get past her into her husband's bedroom. ""so you're in a funk,"" he said agreeably, sitting down by his patient's side. he had actually talked of killing himself to his wife, quite a girl, a foreigner, wasn't she? didn't that give her a very odd idea of english husbands? didn't one owe perhaps a duty to one's wife? wouldn't it be better to do something instead of lying in bed? ",cowardice_foolish_unpleasant
9,mrsdalloway,"once you stumble, septimus wrote on the back of a postcard, human nature is on you. holmes is on you. their only chance was to escape, without letting holmes know; to italy-- anywhere, anywhere, away from dr. holmes.",noble_agented
10,mrsdalloway,"the whole world was clamouring: kill yourself, kill yourself, for our sakes. ",guilt_penance_self_loathing
11,mrsdalloway,"but why should he kill himself for their sakes? food was pleasant; the sun hot; and this killing oneself, how does one set about it, with a table knife, uglily, with floods of blood,--by sucking a gaspipe? ",cowardice_foolish_unpleasant
12,mrsdalloway,"he was too weak; he could scarcely raise his hand. besides, now that he was quite alone, condemned, deserted, as those who are about to die are alone, there was a luxury in it, an isolation full of sublimity; a freedom which the attached can never know. holmes had won of course; the brute with the red nostrils had won. but even holmes himself could not touch this last relic straying on the edge of the world, this outcast, who gazed back at the inhabited regions, who lay, like a drowned sailor, on the shore of the world. it was at that moment (rezia gone shopping) that the great revelation took place. a voice spoke from behind the screen. evans was speaking. the dead were with him. ",noble_agented
13,mrsdalloway,"""now what's all this about?"" said dr. holmes in the most amiable way in the world. ""talking nonsense to frighten your wife?"" but he would give him something to make him sleep. ",cowardice_foolish_unpleasant
14,mrsdalloway,"her husband was very seriously ill, sir william said. did he threaten to kill himself? oh, he did, she cried. but he did not mean it, she said. of course not. it was merely a question of rest, said sir william; of rest, rest, rest; a long rest in bed. there was a delightful home down in the country where her husband would be perfectly looked after. away from her? she asked. unfortunately, yes; the people we care for most are not good for us when we are ill. ",cowardice_foolish_unpleasant
15,mrsdalloway,"but he was not mad, was he? sir william said he never spoke of ""madness""; he called it not having a sense of proportion. but her husband did not like doctors. he would refuse to go there. shortly and kindly sir william explained to her the state of the case. he had threatened to kill himself. there was no alternative. it was a question of law. he would lie in bed in a beautiful house in the country. the nurses were admirable. ",cowardice_foolish_unpleasant
16,mrsdalloway," but he had talked of killing himself. ""we all have our moments of depression,"" said sir william. once you fall, septimus repeated to himself, human nature is on you. holmes and bradshaw are on you. they scour the desert. they fly screaming into the wilderness. the rack and the thumbscrew are applied. human nature is remorseless. ""impulses came upon him sometimes?"" sir william asked, with his pencil on a pink card. that was his own affair, said septimus. ""nobody lives for himself alone,"" said sir william, glancing at the photograph of his wife in court dress. ""and you have a brilliant career before you,"" said sir william. there was mr. brewer's letter on the table. ""an exceptionally brilliant career.""",cowardice_foolish_unpleasant
17,mrsdalloway," but if he confessed? if he communicated? would they let him off then, his torturers? ""i--i--"" he stammered. but what was his crime? he could not remember it. ""yes?"" sir william encouraged him. (but it was growing late.) love, trees, there is no crime--what was his message? he could not remember it. ""i--i--"" septimus stammered. ""try to think as little about yourself as possible,"" said sir william kindly. really, he was not fit to be about. ",guilt_penance_self_loathing
18,mrsdalloway,"getting up rather unsteadily, hopping indeed from foot to foot, he considered mrs. filmer's nice clean bread knife with ""bread"" carved on the handle. ah, but one mustn't spoil that. the gas fire? but it was too late now. holmes was coming. razors he might have got, but rezia, who always did that sort of thing, had packed them. there remained only the window, the large bloomsbury-lodging house window, the tiresome, the troublesome, and rather melodramatic business of opening the window and throwing himself out. it was their idea of tragedy, not his or rezia's (for she was with him).but he would wait till the very last moment. he did not want to die. life was good. the sun hot. only human beings--what did they want? coming down the staircase opposite an old man stopped and stared at him. holmes was at the door. ""i'll give it you!"" he cried, and flung himself vigorously, violently down on to mrs. filmer's area railings.",noble_agented
19,mrsdalloway,"""the coward!"" cried dr. holmes, bursting the door open. rezia ran to the window, she saw; she understood. dr. holmes and mrs. filmer collided with each other. mrs. filmer flapped her apron and made her hide her eyes in the bedroom. there was a great deal of running up and down stairs. dr. holmes came in--white as a sheet, shaking all over, with a glass in his hand.",cowardice_foolish_unpleasant
20,mrsdalloway," she must be brave and drink something, he said (what was it? something sweet), for her husband was horribly mangled, would not recover consciousness, she must not see him, must be spared as much as possible, would have the inquest to go through, poor young woman. who could have foretold it? a sudden impulse, no one was in the least to blame (he told mrs. filmer). and why the devil he did it, dr. holmes could not conceive.",senseless_meaning_making
21,mrsdalloway,"some case, sir william was mentioning, lowering his voice. it had its bearing upon what he was saying about the deferred effects of shell shock. there must be some provision in the bill. sinking her voice, drawing mrs. dalloway into the shelter of a common femininity, a common pride in the illustrious qualities of husbands and their sad tendency to overwork, lady bradshaw (poor goose--one didn't dislike her) murmured how, ""just as we were starting, my husband was called up on the telephone, a very sad case. a young man (that is what sir william is telling mr. dalloway) had killed himself. he had been in the army."" ",hopeless_empty_agony
22,mrsdalloway,"oh! thought clarissa, in the middle of my party, here's death, she thought. she went on, into the little room where the prime minister had gone with lady bruton. perhaps there was somebody there. but there was nobody. the chairs still kept the impress of the prime minister and lady bruton, she turned deferentially, he sitting four-square, authoritatively. they had been talking about india. there was nobody. the party's splendour fell to the floor, so strange it was to come in alone in her finery. what business had the bradshaws to talk of death at her party? a young man had killed himself. and they talked of it at her party-- the bradshaws, talked of death. ",cowardice_foolish_unpleasant
23,mrsdalloway,"he had killed himself--but how? always her body went through it first, when she was told, suddenly, of an accident; her dress flamed, her body burnt. he had thrown himself from a window. up had flashed the ground; through him, blundering, bruising, went the rusty spikes. there he lay with a thud, thud, thud in his brain, and then a suffocation of blackness. so she saw it. but why had he done it? and the bradshaws talked of it at her party! she had once thrown a shilling into the serpentine, never anything more. but he had flung it away. they went on living (she would have to go back; the rooms were still crowded; people kept on coming). they (all day she had been thinking of bourton, of peter, of sally), they would grow old. ",cowardice_foolish_unpleasant
24,mrsdalloway,"a thing there was that mattered; a thing, wreathed about with chatter, defaced, obscured in her own life, let drop every day in corruption, lies, chatter. this he had preserved. death was defiance. death was an attempt to communicate; people feeling the impossibility of reaching the centre which, mystically, evaded them; closeness drew apart; rapture faded, one was alone. there was an embrace in death. but this young man who had killed himself--had he plunged holding his treasure? ""if it were now to die, 'twere now to be most happy,"" she had said to herself once, coming down in white. ",noble_agented
25,mrsdalloway,"or there were the poets and thinkers.  suppose he had had that passion, and had gone to sir william bradshaw, a great doctor yet to her obscurely evil, without sex or lust, extremely polite to women, but capable of some indescribable outrage- forcing your soul, that was it--if this young man had gone to him, and sir william had impressed him, like that, with his power, might he not then have said (indeed she felt it now), life is made intolerable; they make life intolerable, men like that?",noble_agented
26,annakarenina,"then (she had felt it only this morning) there was the terror; the overwhelming incapacity, one's parents giving it into one's hands, this life, to be lived to the end, to be walked with serenely; there was in the depths of her heart an awful fear. even now, quite often if richard had not been there reading the times, so that she could crouch like a bird and gradually revive, send roaring up that immeasurable delight, rubbing stick to stick, one thing with another, she must have perished. but that young man had killed himself. ",hopeless_empty_agony
27,annakarenina,"somehow it was her disaster--her disgrace. it was her punishment to see sink and disappear here a man, there a woman, in this profound darkness, and she forced to stand here in her evening dress. she had schemed; she had pilfered. she was never wholly admirable. ",senseless_meaning_making
28,annakarenina,she must go back to them. but what an extraordinary night! she felt somehow very like him----the young man who had killed himself. she felt glad that he had done it; thrown it away. the clock was striking. the leaden circles dissolved in the air. he made her feel the beauty; made her feel the fun. but she must go back. she must assemble. ,romantic_reunion
29,annakarenina,"Òsoon, very soon, it will end, anyway,Ó she said; and again, at the thought of death near at hand and now desired, tears came into her eyes",hopeless_empty_agony
30,annakarenina,"""iÕve not given up thinking of death,Ó said levin. ÒitÕs true that itÕs high time i was dead; and that all this is nonsense. ItÕs the truth IÕm telling you. I do value my idea and my work awfully; but in reality only consider this: all this world of ours is nothing but a speck of mildew, which has grown up on a tiny planet. And for us to suppose we can have something greatÑideas, workÑitÕs all dust and ashes.Ó",hopeless_empty_agony
31,annakarenina,"ÒOh, this is awful, awful! But can it be true that you are resolved on a divorce?Ó ÒI am resolved on extreme measures. There is nothing else for me to do.Ó ÒNothing else to do, nothing else to do....Ó she replied, with tears in her eyes. ÒOh no, donÕt say nothing else to do!Ó she said. ÒWhat is horrible in a trouble of this kind is that one cannot, as in any otherÑin loss, in deathÑbear oneÕs trouble in peace, but that one must act,Ó said he, as though guessing her thought. ÒOne must get out of the humiliating position in which one is placed; one canÕt live  trois.Ó",hopeless_empty_agony
32,annakarenina,"He asked her how she was, and how she had spent the morning. ÒVery, very miserably. Today and this morning and all past days and days to come,Ó she said. ÒI think youÕre giving way to pessimism. You must rouse yourself, you must look life in the face. I know itÕs hard, but....Ó ",hopeless_empty_agony
33,annakarenina,"ÒI have heard it said that women love men even for their vices,Ó Anna began suddenly, Òbut I hate him for his virtues. I canÕt live with him. Do you understand? the sight of him has a physical effect on me, it makes me beside myself. I canÕt, I canÕt live with him. What am I to do? I have been unhappy, and used to think one couldnÕt be more unhappy, but the awful state of things I am going through now, I could never have conceived. Would you believe it, that knowing heÕs a good man, a splendid man, that IÕm not worth his little finger, still I hate him. I hate him for his generosity. And thereÕs nothing left for me but....Ó She would have said death, but Stepan Arkadyevitch would not let her finish.",hopeless_empty_agony
34,annakarenina," ÒYou are ill and overwrought,Ó he said; Òbelieve me, youÕre exaggerating dreadfully. ThereÕs nothing so terrible in it.Ó wound, but softened and soothed.",cowardice_foolish_unpleasant
35,annakarenina,"ÒIÕm lost, lost! worse than lost! I canÕt say yet that all is over; on the contrary, I feel that itÕs not over. IÕm an overstrained string that must snap. But itÕs not ended yet ... and it will have a fearful end.Ó ÒNo matter, we must let the string be loosened, little by little. ThereÕs no position from which there is no way of escape.Ó ÒI have thought, and thought. Only one....Ó Again he knew from her terrified eyes that this one way of escape in her thought was death.",hopeless_empty_agony
36,annakarenina,"His sufferings, steadily growing more intense, did their work and prepared him for death. There was no position in which he was not in pain, there was not a minute in which he was unconscious of it, not a limb, not a part of his body that did not ache and cause him agony. Even the memories, the impressions, the thoughts of this body awakened in him now the same aversion as the body itself. The sight of other people, their remarks, his own reminiscences, everything was for him a source of agony. Those about him felt this, and instinctively did not allow themselves to move freely, to talk, to express their wishes before him. All his life was merged in the one feeling of suffering and desire to be rid of it. ",hopeless_empty_agony
37,annakarenina,"There was evidently coming over him that revulsion that would make him look upon death as the goal of his desires, as happiness. Hitherto each individual desire, aroused by suffering or privation, such as hunger, fatigue, thirst, had been satisfied by some bodily function giving pleasure. But now no physical craving or suffering received relief, and the effort to relieve them only caused fresh suffering. And so all desires were merged in oneÑthe desire to be rid of all his sufferings and their source, the body. But he had no words to express this desire of deliverance, and so he did not speak of it.",hopeless_empty_agony
38,annakarenina,"ÒWhy didnÕt I die?Ó and the words and the feeling of that time came back to her. And all at once she knew what was in her soul. Yes, it was that idea which alone solved all. ÒYes, to die!... And the shame and disgrace of Alexey Alexandrovitch and of Seryozha, and my awful shame, it will all be saved by death. ",guilt_penance_self_loathing
39,annakarenina,"To die! and he will feel remorse; will be sorry; will love me; he will suffer on my account.Ó With the trace of a smile of commiseration for herself she sat down in the armchair, taking off and putting on the rings on her left hand, vividly picturing from different sides his feelings after her death.",romantic_reunion
40,annakarenina,"And death rose clearly and vividly before her mind as the sole means of bringing back love for her in his heart, of punishing him and of gaining the victory in that strife which the evil spirit in possession of her heart was waging with him. ",romantic_reunion
41,annakarenina,"Now nothing mattered: going or not going to Vozdvizhenskoe, getting or not getting a divorce from her husbandÑall that did not matter. The one thing that mattered was punishing him. When she poured herself out her usual dose of opium, and thought that she had only to drink off the whole bottle to die, it seemed to her so simple and easy, that she began musing with enjoyment on how he would suffer, and repent and love her memory when it would be too late. ",romantic_reunion
42,annakarenina,"She lay in bed with open eyes, by the light of a single burned-down candle, gazing at the carved cornice of the ceiling and at the shadow of the screen that covered part of it, while she vividly pictured to herself how he would feel when she would be no more, when she would be only a memory to him. ÒHow could I say such cruel things to her?Ó he would say. ÒHow could I go out of the room without saying anything to her? But now she is no more. She has gone away from us forever. She is....Ó",romantic_reunion
43,annakarenina,"""For six weeks he did not speak to anyone, and would not touch food except when I implored him. And not for one minute could we leave him alone. We took away everything he could have used against himself. We lived on the ground floor, but there was no reckoning on anything. You know, of course, that he had shot himself once already on her account,Ó she said, and the old ladyÕs eyelashes twitched at the recollection. ÒYes, hers was the fitting end for such a woman. Even the death she chose was low and vulgar.Ó",romantic_reunion
44,annakarenina,"She had set him free. But my poor son was utterly given up to her. He had thrown up everything, his career, me, and even then she had no mercy on him, but of set purpose she made his ruin complete. No, say what you will, her very death was the death of a vile woman, of no religious feeling. God forgive me, but I canÕt help hating the memory of her, when I look at my sonÕs misery!Ó",cowardice_foolish_unpleasant
45,annakarenina,"ÒWithout knowing what I am and why I am here, lifeÕs impossible; and that I canÕt know, and so I canÕt live,Ó Levin said to himself",hopeless_empty_agony
46,annakarenina,"He must escape from this power. And the means of escape every man had in his own hands. He had but to cut short this dependence on evil. And there was one meansÑdeath. And Levin, a happy father and husband, in perfect health, was several times so near suicide that he hid the cord that he might not be tempted to hang himself, and was afraid to go out with his gun for fear of shooting himself. But Levin did not shoot himself, and did not hang himself; he went on living.",guilt_penance_self_loathing
47,annakarenina,"Then, for the first time, grasping that for every man, and himself too, there was nothing in store but suffering, death, and forgetfulness, he had made up his mind that life was impossible like that, and that he must either interpret life so that it would not present itself to him as the evil jest of some devil, or shoot himself. But he had not done either, but had gone on living, thinking, and feeling, and had even at that very time married, and had had many joys and had been happy, when he was not thinking of the meaning of his life.",hopeless_empty_agony
48,annakarenina,"He had lived (without being aware of it) on those spiritual truths that he had sucked in with his motherÕs milk, but he had thought, not merely without recognition of these truths, but studiously ignoring them. Now it was clear to him that he could only live by virtue of the beliefs in which he had been brought up. ÒWhat should I have been, and how should I have spent my life, if I had not had these beliefs, if I had not known that I must live for God and not for my own desires?""",senseless_meaning_making
49,annakarenina,"And all at once she thought of the man crushed by the train the day she had first met Vronsky, and she knew what she had to do. With a rapid, light step she went down the steps that led from the tank to the rails and stopped quite near the approaching train. She looked at the lower part of the carriages, at the screws and chains and the tall cast-iron wheel of the first carriage slowly moving up, and trying to measure the middle between the front and back wheels, and the very minute when that middle point would be opposite her. ÒThere,Ó she said to herself, looking into the shadow of the carriage, at the sand and coal dust which covered the sleepersÑÒthere, in the very middle, and I will punish him and escape from everyone and from myself.Ó ",romantic_reunion
50,annakarenina,"ÒLord, forgive me all!Ó she said, feeling it impossible to struggle. ",guilt_penance_self_loathing
51,annakarenina,"A peasant muttering something was working at the iron above her. And the light by which she had read the book filled with troubles, falsehoods, sorrow, and evil, flared up more brightly than ever before, lighted up for her all that had been in darkness, flickered, began to grow dim, and was quenched forever.",hopeless_empty_agony
52,annakarenina,"He still lay down, trying to sleep, though he felt there was not the smallest hope of it, and kept repeating stray words from some chain of thought, trying by this to check the rising flood of fresh images. He listened, and heard in a strange, mad whisper words repeated: ÒI did not appreciate it, did not make enough of it. I did not appreciate it, did not make enough of it.Ó ÒWhatÕs this? Am I going out of my mind?Ó he said to himself. ÒPerhaps. What makes men go out of their minds; what makes men shoot themselves?Ó",hopeless_empty_agony
53,annakarenina,"ÒI must think what to do. What is left?Ó His mind rapidly ran through his life apart from his love of Anna. ÒAmbition? Serpuhovskoy? Society? The court?Ó He could not come to a pause anywhere. All of it had had meaning before, but now there was no reality in it. He got up from the sofa, took off his coat, undid his belt, and uncovering his hairy chest to breathe more freely, walked up and down the room. ÒThis is how people go mad,Ó he repeated, Òand how they shoot themselves ... to escape humiliation,Ó he added slowly. 
",romantic_reunion
54,annakarenina,"He went to the door and closed it, then with fixed eyes and clenched teeth he went up to the table, took a revolver, looked round him, turned it to a loaded barrel, and sank into thought. For two minutes, his head bent forward with an expression of an intense effort of thought, he stood with the revolver in his hand, motionless, thinking. ÒOf course,Ó he said to himself, as though a logical, continuous, and clear chain of reasoning had brought him to an indubitable conclusion. In reality this Òof course,Ó that seemed convincing to him, was simply the result of exactly the same circle of memories and images through which he had passed ten times already during the last hourÑmemories of happiness lost forever.",hopeless_empty_agony
55,annakarenina," There was the same conception of the senselessness of everything to come in life, the same consciousness of humiliation. Even the sequence of these images and emotions was the same. ÒOf course,Ó he repeated, when for the third time his thought passed again round the same spellbound circle of memories and images, and pulling the revolver to the left side of his chest, and clutching it vigorously with his whole hand, as it were, squeezing it in his fist, he pulled the trigger. ",senseless_meaning_making
56,annakarenina,"He did not hear the sound of the shot, but a violent blow on his chest sent him reeling. He tried to clutch at the edge of the table, dropped the revolver, staggered, and sat down on the ground, looking about him in astonishment. He did not recognize his room, looking up from the ground, at the bent legs of the table, at the wastepaper basket, and the tiger-skin rug. The hurried, creaking steps of his servant coming through the drawing-room brought him to his senses. He made an effort at thought, and was aware that he was on the floor; and seeing blood on the tiger-skin rug and on his arm, he knew he had shot himself. ÒIdiotic! Missed!Ó he said, fumbling after the revolver. ",cowardice_foolish_unpleasant
57,anthonyandcleopatra,"It were pity to cast them away for nothing, though, between them and a great cause they should be esteemed nothing. Cleopatra, catching but the least noise of this, dies instantly. I have seen her die twenty times upon far poorer moment. I do think there is mettle in death which commits some loving act upon her, she hath such a celerity in dying.",cowardice_foolish_unpleasant
58,anthonyandcleopatra,"CLEOPATRA: To thÕ monument! Mardian, go tell him I have slain myself. Say that the last I spoke was ÒAntonyÓ, And word it, prithee, piteously. Hence, Mardian, And bring me how he takes my death.ÑTo thÕ monument!",romantic_reunion
59,anthonyandcleopatra,"ANTONY: My good knave Eros, now thy captain is Even such a body. Here I am Antony, Yet cannot hold this visible shape, my knave. I made these wars for Egypt, and the Queen, Whose heart I thought I had, for she had mine, Which, whilst it was mine, had annexed untoÕt A million more, now lostÑshe, Eros, has Packed cards with Caesar, and false-played my glory Unto an enemyÕs triumph. Nay, weep not, gentle Eros. There is left us Ourselves to end ourselves.",romantic_reunion
60,anthonyandcleopatra,"MARDIAN: Death of one person can be paid but once, And that she has discharged. What thou wouldst do Is done unto thy hand. The last she spake Was ÒAntony! Most noble Antony!Ó Then in the midst a tearing groan did break The name of Antony; it was divided Between her heart and lips. She rendered life, Thy name so buried in her.",romantic_reunion
61,anthonyandcleopatra,"ANTONY: Come, then, for with a wound I must be cured. Draw that thy honest sword, which thou hast worn Most useful for thy country.",noble_agented
62,anthonyandcleopatra,"ANTONY: When I did make thee free, sworÕst thou not then To do this when I bade thee? Do it at once, Or thy precedent services are all But accidents unpurposed. Draw, and come. ",noble_agented
63,anthonyandcleopatra,"EROS: My sword is drawn. ANTONY: Then let it do at once The thing why thou hast drawn it. EROS: My dear master, My captain and my emperor, let me say, Before I strike this bloody stroke, farewell. ANTONY: ÕTis said, man, and farewell. EROS: Farewell, great chief. Shall I strike now? ANTONY: Now, Eros. EROS: Why, there then! [kills himself] Thus do I escape the sorrow Of AntonyÕs death. [Dies.] ",noble_agented
64,anthonyandcleopatra,"ANTONY: Thrice nobler than myself! Thou teachest me, O valiant Eros, what I should and thou couldst not. My queen and Eros Have by their brave instruction got upon me A nobleness in record. ",noble_agented
65,anthonyandcleopatra,"ANTONY: But I will be A bridegroom in my death and run intoÕt As to a loverÕs bed. Come then, and, Eros, Thy master dies thy scholar. To do thus [Falling on his sword.] I learned of thee. ",noble_agented
66,anthonyandcleopatra,"ANTONY: How? Not dead? Not dead? The guard, ho! O, dispatch me! ",cowardice_foolish_unpleasant
67,anthonyandcleopatra,"[Enter a company of the Guard, one of them Dercetus.] FIRST GUARD: WhatÕs the noise? ANTONY: I have done my work ill, friends. O, make an end Of what I have begun. SECOND GUARD: The star is fallen. FIRST GUARD: And time is at his period. ALL: Alas, and woe! ",senseless_meaning_making
68,anthonyandcleopatra,ANTONY: Let him that loves me strike me dead. FIRST GUARD: Not I. SECOND GUARD: Nor I. THIRD GUARD: Nor anyone.  [Exeunt guard.],cowardice_foolish_unpleasant
69,anthonyandcleopatra,"CLEOPATRA: Quick, quick, good hands. [Drawing a dagger.] ",noble_agented
70,anthonyandcleopatra,"PROCULEIUS: Hold, worthy lady, hold! [Seizes and disarms her.] Do not yourself such wrong, who are in this Relieved, but not betrayed.",cowardice_foolish_unpleasant
71,anthonyandcleopatra,"CLEOPATRA: What, of death too, That rids our dogs of languish? ",noble_agented
72,anthonyandcleopatra,"PROCULEIUS: Cleopatra, Do not abuse my masterÕs bounty by ThÕ undoing of yourself. Let the world see His nobleness well acted, which your death Will never let come forth. ",cowardice_foolish_unpleasant
73,anthonyandcleopatra,"CLEOPATRA: Where art thou, Death? Come hither, come! Come, come, and take a queen Worth many babes and beggars!",noble_agented
74,anthonyandcleopatra,"CLEOPATRA: Sir, I will eat no meat; IÕll not drink, sir; If idle talk will once be necessary, IÕll not sleep neither. This mortal house IÕll ruin, Do Caesar what he can. Know, sir, that I Will not wait pinioned at your masterÕs court, Nor once be chastised with the sober eye Of dull Octavia. Shall they hoist me up And show me to the shouting varletry Of censuring Rome? Rather a ditch in Egypt Be gentle grave unto me! Rather on NilusÕ mud Lay me stark-naked, and let the water-flies Blow me into abhorring! Rather make My countryÕs high pyramides my gibbet And hang me up in chains!",noble_agented
75,anthonyandcleopatra,"PROCULEIUS: To Caesar I will speak what you shall please, If youÕll employ me to him. CLEOPATRA: Say I would die.",noble_agented
76,anthonyandcleopatra,"CAESAR: if you seek To lay on me a cruelty by taking AntonyÕs course, you shall bereave yourself Of my good purposes, and put your children To that destruction which IÕll guard them from If thereon you rely. ",cowardice_foolish_unpleasant
77,anthonyandcleopatra,"CLEOPATRA: Show me, my women, like a queen. Go fetch My best attires. I am again for Cydnus To meet Mark Antony. Sirrah, Iras, go. Now, noble Charmian, weÕll dispatch indeed, And when thou hast done this chare, IÕll give thee leave To play till doomsday. Bring our crown and all.",noble_agented
78,anthonyandcleopatra,"CLEOPATRA: What poor an instrument May do a noble deed! He brings me liberty. My resolutionÕs placed, and I have nothing Of woman in me. Now from head to foot I am marble-constant. Now the fleeting moon No planet is of mine.",hopeless_empty_agony
79,anthonyandcleopatra,CLOWN: I wish you all joy of the worm.,noble_agented
80,anthonyandcleopatra,"CLOWN: You must think this, look you, that the worm will do his kind. CLEOPATRA: Ay, ay, farewell. CLOWN: Look you, the worm is not to be trusted but in the keeping of wise people; for indeed there is no goodness in the worm.",cowardice_foolish_unpleasant
81,anthonyandcleopatra,"CLEOPATRA: Give me my robe. Put on my crown. I have Immortal longings in me. Now no more The juice of EgyptÕs grape shall moist this lip. Yare, yare, good Iras; quick. Methinks I hear Antony call. I see him rouse himself To praise my noble act. I hear him mock The luck of Caesar, which the gods give men To excuse their after wrath. Husband, I come! Now to that name my courage prove my title! I am fire and air; my other elements I give to baser life.",romantic_reunion
82,anthonyandcleopatra,"CLEOPATRA: Come, thou mortal wretch, [To an asp, which she applies to her breast.] With thy sharp teeth this knot intrinsicate Of life at once untie. Poor venomous fool, Be angry and dispatch. O couldst thou speak, That I might hear thee call great Caesar ass Unpolicied!",noble_agented
83,anthonyandcleopatra,"CLEOPATRA: As sweet as balm, as soft as air, as gentleÑ O Antony!ÑNay, I will take thee too. [Applying another asp to her arm.] What should I stayÑ [Dies.] CHARMIAN: In this vile world? So, fare thee well. Now boast thee, Death, in thy possession lies A lass unparalleled. Downy windows, close, And golden PhÏbus never be beheld Of eyes again so royal! Your crownÕs awry; IÕll mend it.",noble_agented
84,anthonyandcleopatra,"
CAESAR: Bravest at the last, She levelled at our purposes and, being royal, Took her own way. The manner of their deaths? I do not see them bleed.",noble_agented
85,anthonyandcleopatra,"CAESAR: O noble weakness! If they had swallowed poison Õtwould appear By external swelling; but she looks like sleep, As she would catch another Antony In her strong toil of grace.",noble_agented
86,anthonyandcleopatra,"CAESAR: her physician tells me She hath pursued conclusions infinite Of easy ways to die. Take up her bed, And bear her women from the monument. She shall be buried by her Antony. No grave upon the earth shall clip in it A pair so famous. High events as these Strike those that make them; and their story is No less in pity than his glory which Brought them to be lamented. Our army shall In solemn show attend this funeral, And then to Rome. Come, Dolabella, see High order in this great solemnity.",noble_agented
87,ataleoftwocities,"The prisoners were far from insensible or unfeeling; their ways arose out of the condition of the time. Similarly, though with a subtle difference, a species of fervour or intoxication, known, without doubt, to have led some persons to brave the guillotine unnecessarily, and to die by it, was not mere boastfulness, but a wild infection of the wildly shaken public mind. In seasons of pestilence, some of us will have a secret attraction to the disease--a terrible passing inclination to die of it. And all of us have like wonders hidden in our breasts, only needing circumstances to evoke them.",romantic_reunion
88,desperateremedies,"
""O, if people only knew what a timidity and melancholy upon the subject of her future grows up in the heart of a friendless woman who is blown about like a reed shaken with the wind, as I am, they would not call this resignation of oneÕs self by the name of scheming to get a husband. Scheme to marry? IÕd rather scheme to die! I know I am not pleasing my heart; I know that if I only were concerned, I should like risking a single future. But why should I please my useless self overmuch, when by doing otherwise I please those who are more valuable than I?""",noble_agented
89,desperateremedies,"
""I thought that I did not love him at all,"" she went on hysterically. ""A year and a half had passed since we met. I could go by the gate of his garden without thinking of him--look at his seat in church and not care. But I saw him this morning--dying because he loves me so--I know it is that! Can I help loving him too? No, I cannot, and I will love him, and I donÕt care! We have been separated somehow by some contrivance--I know we have. O, if I could only die!""",romantic_reunion
90,desperateremedies,"
He held her in his arms. ÔMany a woman has gone to ruin herself,Õ he said, Ôand brought those who love her into disgrace, by acting upon such impulses as possess you now. I have a reputation to lose as well as you.""",cowardice_foolish_unpleasant
91,desperateremedies,"
""Her terror, and fears for my fate, led her to watch the rectory that evening. She saw the detective leave it, and followed him to my residence. This she told me hurriedly when I perceived her after digging my wifeÕs grave in the plantation. She did not suspect what the sack contained. I am now about to enter on my normal condition. For people are almost always in their graves.""",guilt_penance_self_loathing
92,desperateremedies,"""He was found dead the first thing this morning. He had hung himself behind the door of his cell, in some way, by a handkerchief and some strips of his clothes. The turnkey says his features were scarcely changed, as he looked at Ôem with the early sun a-shining in at the grating upon him. He has left a full account of the murder, and all that led to it. So thereÕs an end of him.""",guilt_penance_self_loathing
93,drjekyllandmrhyde,"Òhe was alive and here this day. He cannot have been disposed of in so short a space; he must be still alive, he must have fled! And then, why fled? and how? and in that case, can we venture to declare this suicide? O, we must be careful. I foresee that we may yet involve your master in some dire catastrophe.Ó",senseless_meaning_making
94,drjekyllandmrhyde,"that that insurgent horror was knit to him closer than a wife, closer than an eye; lay caged in his flesh, where he heard it mutter and felt it struggle to be born; and at every hour of weakness, and in the confidence of slumber, prevailed against him, and deposed him out of life. ",guilt_penance_self_loathing
95,drjekyllandmrhyde,"The hatred of Hyde for Jekyll was of a different order. His terror of the gallows drove him continually to commit temporary suicide, and return to his subordinate station of a part instead of a person; but he loathed the necessity, he loathed the despondency into which Jekyll was now fallen, and he resented the dislike with which he was himself regarded.",guilt_penance_self_loathing
96,drjekyllandmrhyde,"had it not been for his fear of death, he would long ago have ruined himself in order to involve me in the ruin. But his love of life is wonderful; I go further: I, who sicken and freeze at the mere thought of him, when I recall the abjection and passion of this attachment, and when I know how he fears my power to cut him off by suicide, I find it in my heart to pity him.",guilt_penance_self_loathing
97,drjekyllandmrhyde,"Will Hyde die upon the scaffold? or will he find courage to release himself at the last moment? God knows; I am careless; this is my true hour of death, and what is to follow concerns another than myself. Here then, as I lay down the pen and proceed to seal up my confession, I bring the life of that unhappy Henry Jekyll to an end.",noble_agented
98,ethanfrome,"ÒI don't know how it is you make me feel, Matt. I'd a'most rather have you dead than that!Ó ÒOh, I wish I was, I wish I was!Ó she sobbed. ",romantic_reunion
99,ethanfrome,"ÒWhat's the good of either of us going anywheres without the other one now?Ó he said. She remained motionless, as if she had not heard him. Then she snatched her hands from his, threw her arms about his neck, and pressed a sudden drenched cheek against his face. ÒEthan! Ethan! I want you to take me down again!Ó ÒDown where?Ó ÒThe coast. Right off,Ó she panted. ÒSo 't we'll never come up any more.Ó",romantic_reunion
100,ethanfrome,"She put her lips close against his ear to say: ÒRight into the big elm. You said you could. So 't we'd never have to leave each other any more.Ó ÒWhy, what are you talking of? You're crazy!Ó ÒI'm not crazy; but I will be if I leave you.Ó",romantic_reunion
101,ethanfrome,"ÒEthan, where'll I go if I leave you? I don't know how to get along alone. You said so yourself just now. Nobody but you was ever good to me. And there'll be that strange girl in the house... and she'll sleep in my bed, where I used to lay nights and listen to hear you come up the stairs...Ó",romantic_reunion
102,ethanfrome,"
Here came the hated vision of the house he was going back to--of the stairs he would have to go up every night, of the woman who would wait for him there. And the sweetness of Mattie's avowal, the wild wonder of knowing at last that all that had happened to him had happened to her too, made the other vision more abhorrent, the other life more intolerable to return to...",romantic_reunion
103,faust,"This life of earth, whatever my attire, Would pain me in its wonted fashion. Too old am I to play with passion; Too young, to be without desire. What from the world have I to gain?",hopeless_empty_agony
104,faust,"Thou shalt abstain--renounce--refrain! Such is the everlasting song That in the ears of all men rings,-- That unrelieved, our whole life long, Each hour, in passing, hoarsely sings. In very terror I at morn awake, Upon the verge of bitter weeping, To see the day of disappointment break,",hopeless_empty_agony
105,faust,"
To no one hope of mine--not one--its promise keeping:-- That even each joy's presentiment With wilful cavil would diminish, With grinning masks of life prevent My mind its fairest work to finish!",hopeless_empty_agony
106,faust,"
The God that in my breast is owned Can deeply stir the inner sources; The God, above my powers enthroned, He cannot change external forces. So, by the burden of my days oppressed, Death is desired, and Life a thing unblest!",hopeless_empty_agony
107,faust,"Alas, that heart so true! My husband dead! Let me die, too!",romantic_reunion
108,faust,"Ah, dearest dame, let not your courage fail!",cowardice_foolish_unpleasant
109,faust,"O full and splendid Moon, whom I Have, from this desk, seen climb the sky So many a midnight,--would thy glow For the last time beheld my woe! Ever thine eye, most mournful friend, O'er books and papers saw me bend; But would that I, on mountains grand, Amid thy blessed light could stand, With spirits through mountain-caverns hover, Float in thy twilight the meadows over, And, freed from the fumes of lore that swathe me, To health in thy dewy fountains bathe me!",romantic_reunion
110,faust,"Yet now I curse whate'er entices And snares the soul with visions vain; With dazzling cheats and dear devices Confines it in this cave of pain! Cursed be, at once, the high ambition Wherewith the mind itself deludes! Cursed be the glare of apparition That on the finer sense intrudes! Cursed be the lying dream's impression Of name, and fame, and laurelled brow! Cursed, all that flatters as possession, As wife and child, as knave and plow! Cursed Mammon be, when he with treasures To restless action spurs our fate! Cursed when, for soft, indulgent leisures, He lays for us the pillows straight! Cursed be the vine's transcendent nectar,-- The highest favor Love lets fall! Cursed, also, Hope!--cursed Faith, the spectre! And cursed be Patience most of all!",senseless_meaning_making
111,faustus,"I think my master means to die shortly, For he hath given to me all his goods And yet, methinks, if that death were near, He would not banquet, and carouse, and swill Amongst the students, as even now he doth,",hopeless_empty_agony
112,faustus,"FAUSTUS: Where art thou, Faustus? wretch, what hast thou done? Damn'd art thou, Faustus, damn'd; despair and die! Hell calls for right, and with a roaring voice Says, ""Faustus, come; thine hour is almost come;"" And Faustus now will come to do thee right. [MEPHISTOPHILIS gives him a dagger.]",guilt_penance_self_loathing
113,faustus,"all beasts are happy, For, when they die, Their souls are soon dissolv'd in elements; But mine must live still to be plagu'd in hell. Curs'd be the parents that engender'd me! No, Faustus, curse thyself, curse Lucifer That hath depriv'd thee of the joys of heaven. [The clock strikes twelve.] O, it strikes, it strikes!  Now, body, turn to air, Or Lucifer will bear thee quick to hell! [Thunder and lightning.] O soul, be chang'd into little water-drops, And fall into the ocean, ne'er be found!",hopeless_empty_agony
114,frankenstein,"But I thought Werter himself a more divine being than I had ever beheld or imagined; his character contained no pretension, but it sank deep. The disquisitions upon death and suicide were calculated to fill me with wonder. I did not pretend to enter into the merits of the case, yet I inclined towards the opinions of the hero, whose extinction I wept, without precisely understanding it.",romantic_reunion
115,frankenstein,"Why did I not die? More miserable than man ever was before, why did I not sink into forgetfulness and rest? Death snatches away many blooming children, the only hopes of their doting parents; how many brides and youthful lovers have been one day in the bloom of health and hope, and the next a prey for worms and the decay of the tomb! Of what materials was I made that I could thus resist so many shocks, which, like the turning of the wheel, continually renewed the torture?",hopeless_empty_agony
116,frankenstein,"

But I was doomed to live and in two months found myself as awaking from a dream, in a prison, stretched on a wretched bed, surrounded by gaolers, turnkeys, bolts, and all the miserable apparatus of a dungeon.",hopeless_empty_agony
117,frankenstein,I was overcome by gloom and misery and often reflected I had better seek death than desire to remain in a world which to me was replete with wretchedness.,hopeless_empty_agony
118,frankenstein,"At one time I considered whether I should not declare myself guilty and suffer the penalty of the law, less innocent than poor Justine had been.",guilt_penance_self_loathing
119,frankenstein,"""on the whole earth there is no comfort which I am capable of receiving.Ó",hopeless_empty_agony
120,frankenstein,"
""I am, by a course of strange events, become the most miserable of mortals. Persecuted and tortured as I am and have been, can death be any evil to me?Ó",hopeless_empty_agony
121,frankenstein,"More than once the agitation into which these reflections threw me made my friends dread a dangerous relapse. Alas! Why did they preserve so miserable and detested a life? It was surely that I might fulfil my destiny, which is now drawing to a close. Soon, oh, very soon, will death extinguish these throbbings and relieve me from the mighty weight of anguish that bears me to the dust; and, in executing the award of justice, I shall also sink to rest. ",guilt_penance_self_loathing
122,frankenstein,"Then the appearance of death was distant, although the wish was ever present to my thoughts; and I often sat for hours motionless and speechless, wishing for some mighty revolution that might bury me and my destroyer in its ruins.",hopeless_empty_agony
123,frankenstein,"On that night he had determined to consummate his crimes by my death. Well, be it so; a deadly struggle would then assuredly take place, in which if he were victorious I should be at peace and his power over me be at an end.",hopeless_empty_agony
124,frankenstein,And now my wanderings began which are to cease but with life. I have traversed a vast portion of the earth and have endured all the hardships which travellers in deserts and barbarous countries are wont to meet. How I have lived I hardly know; many times have I stretched my failing limbs upon the sandy plain and prayed for death.,hopeless_empty_agony
125,frankenstein,"If he were vanquished, I should be a free man. Alas! What freedom? Such as the peasant enjoys when his family have been massacred before his eyes, his cottage burnt, his lands laid waste, and he is turned adrift, homeless, penniless, and alone, but free. Such would be my liberty except that in my Elizabeth I possessed a treasure, alas, balanced by those horrors of remorse and guilt which would pursue me until death.",guilt_penance_self_loathing
126,frankenstein,"My thoughts and every feeling of my soul have been drunk up by the interest for my guest which this tale and his own elevated and gentle manners have created. I wish to soothe him, yet can I counsel one so infinitely miserable, so destitute of every hope of consolation, to live? Oh, no! The only joy that he can now know will be when he composes his shattered spirit to peace and death. ",hopeless_empty_agony
127,frankenstein,"Fear not that I shall be the instrument of future mischief. My work is nearly complete. Neither yours nor any manÕs death is needed to consummate the series of my being and accomplish that which must be done, but it requires my own. Do not think that I shall be slow to perform this sacrifice. I shall quit your vessel on the ice raft which brought me thither and shall seek the most northern extremity of the globe; I shall collect my funeral pile and consume to ashes this miserable frame, that its remains may afford no light to any curious and unhallowed wretch who would create such another as I have been. ",guilt_penance_self_loathing
128,frankenstein,"I shall die. I shall no longer feel the agonies which now consume me or be the prey of feelings unsatisfied, yet unquenched.",hopeless_empty_agony
129,frankenstein,"I shall no longer see the sun or stars or feel the winds play on my cheeks. Light, feeling, and sense will pass away; and in this condition must I find my happiness.",hopeless_empty_agony
130,frankenstein,"Some years ago, when the images which this world affords first opened upon me, when I felt the cheering warmth of summer and heard the rustling of the leaves and the warbling of the birds, and these were all to me, I should have wept to die; now it is my only consolation. Polluted by crimes and torn by the bitterest remorse, where can I find rest but in death?",hopeless_empty_agony
131,frankenstein,"If thou wert yet alive and yet cherished a desire of revenge against me, it would be better satiated in my life than in my destruction. ",guilt_penance_self_loathing
132,frankenstein,"But it was not so; thou didst seek my extinction, that I might not cause greater wretchedness; and if yet, in some mode unknown to me, thou hadst not ceased to think and feel, thou wouldst not desire against me a vengeance greater than that which I feel. ",guilt_penance_self_loathing
133,frankenstein,"Blasted as thou wert, my agony was still superior to thine, for the bitter sting of remorse will not cease to rankle in my wounds until death shall close them for ever.",guilt_penance_self_loathing
134,frankenstein,"ÒBut soon,Ó he cried with sad and solemn enthusiasm, ÒI shall die, and what I now feel be no longer felt. Soon these burning miseries will be extinct. I shall ascend my funeral pile triumphantly and exult in the agony of the torturing flames. The light of that conflagration will fade away; my ashes will be swept into the sea by the winds. My spirit will sleep in peace, or if it thinks, it will not surely think thus. Farewell.Ó",hopeless_empty_agony
135,thewish,"But I, the true murderer, felt the never-dying worm alive in my bosom, which allowed of no hope or consolation. ",guilt_penance_self_loathing
136,frankenstein,"Elizabeth also wept and was unhappy, but hers also was the misery of innocence, which, like a cloud that passes over the fair moon, for a while hides but cannot tarnish its brightness. ÒI wish,Ó cried she, Òthat I were to die with you; I cannot live in this world of misery.Ó",romantic_reunion
137,frankenstein,Anguish and despair had penetrated into the core of my heart; I bore a hell within me which nothing could extinguish.,hopeless_empty_agony
138,frankenstein,"In that hour I should die and at once satisfy and extinguish his malice. The prospect did not move me to fear; yet when I thought of my beloved Elizabeth, of her tears and endless sorrow, when she should find her lover so barbarously snatched from her, tears, the first I had shed for many months, streamed from my eyes, and I resolved not to fall before my enemy without a bitter struggle.",romantic_reunion
139,hamlet,"To be, or not to be, that is the question: Whether Õtis nobler in the mind to suffer The slings and arrows of outrageous fortune, Or to take arms against a sea of troubles, And by opposing end them? To dieÑto sleep, No more; and by a sleep to say we end The heart-ache, and the thousand natural shocks That flesh is heir to: Õtis a consummation Devoutly to be wishÕd. To die, to sleep. To sleep, perchance to dream",hopeless_empty_agony
140,hamlet," O that this too too solid flesh would melt, Thaw, and resolve itself into a dew! ",hopeless_empty_agony
141,hamlet,Or that the Everlasting had not fixÕd His canon Õgainst self-slaughter.,cowardice_foolish_unpleasant
142,hamlet," O God! O God! How weary, stale, flat, and unprofitable Seem to me all the uses of this world! Fie onÕt! Oh fie! Õtis an unweeded garden That grows to seed; things rank and gross in nature Possess it merely.",hopeless_empty_agony
143,hamlet,"For who would bear the whips and scorns of time, The oppressorÕs wrong, the proud manÕs contumely, The pangs of disprizÕd love, the lawÕs delay, The insolence of office, and the spurns That patient merit of the unworthy takes, When he himself might his quietus make With a bare bodkin? Who would these fardels bear, To grunt and sweat under a weary life",hopeless_empty_agony
144,hamlet,"Her death was doubtful; And but that great command oÕersways the order, She should in ground unsanctified have lodgÕd Till the last trumpet.",cowardice_foolish_unpleasant
145,hamlet," For charitable prayers, Shards, flints, and pebbles should be thrown on her. Yet here she is allowed her virgin rites, Her maiden strewments, and the bringing home Of bell and burial.",cowardice_foolish_unpleasant
146,hamlet,We should profane the service of the dead To sing sage requiem and such rest to her As to peace-parted souls.,cowardice_foolish_unpleasant
147,judetheobscure,"What was he reserved for? He supposed he was not a sufficiently dignified person for suicide. Peaceful death abhorred him as a subject, and would not take him.",noble_agented
148,judetheobscure,"
What could he do of a lower kind than self-extermination; what was there less noble, more in keeping with his present degraded position? He could get drunk. Of course that was it; he had forgotten. Drinking was the regular, stereotyped resource of the despairing worthless. ",noble_agented
149,judetheobscure,"The probability held by the parents later on, when they were able to reason on the case, was that the elder boy, on waking, looked into the outer room for Sue, and, finding her absent, was thrown into a fit of aggravated despondency that the events and information of the evening before had induced in his morbid temperament.",romantic_reunion
150,judetheobscure,"Moreover a piece of paper was found upon the floor, on which was written, in the boyÕs hand, with the bit of lead pencil that he carried: ""Done because we are too menny."" At sight of this SueÕs nerves utterly gave way, an awful conviction that her discourse with the boy had been the main cause of the tragedy, throwing her into a convulsive agony which knew no abatement.",hopeless_empty_agony
151,judetheobscure,ÒIt was in his nature to do it. The Doctor says there are such boys springing up amongst usÑboys of a sort unknown in the last generationÑthe outcome of new views of life. They seem to see all its terrors before they are old enough to have staying power to resist them.Ó,hopeless_empty_agony
152,judetheobscure,"ÒAh; but it was I who incited him really, though I didnÕt know I was doing it! I talked to the child as one should only talk to people of mature age. I said the world was against us, that it was better to be out of life than in it at this price; and he took it literally.""",hopeless_empty_agony
153,judetheobscure,"ÒYes,Ó replied Jude. ÒSome say that the elders should rejoice when their children die in infancy.Ó",noble_agented
154,judetheobscure,"
ÒYou may say the boy wished to be out of life, or he wouldnÕt have done it. It was not unreasonable for him to die: it was part of his incurably sad nature, poor little fellow!Ó",hopeless_empty_agony
155,judetheobscure,"""Have that strumpet in the house indeed!Ó Almost as soon as the words were spoken Jude sprang from the chair, and before Arabella knew where she was he had her on her back upon a little couch which stood there, he kneeling above her. ÒSay another word of that sort,Ó he whispered, Òand IÕll kill youÑhere and now! IÕve everything to gain by itÑmy own death not being the least part. ",romantic_reunion
156,judetheobscure,"The account of the Òstrange suicide of a stone-masonÕs childrenÓ met his eye. Unimpassioned as he was, it impressed him painfully, and puzzled him not a little, for he could not understand the age of the elder child being what it was stated to be. However, there was no doubt that the newspaper report was in some way true. ÒTheir cup of sorrow is now full!Ó he said.",hopeless_empty_agony
157,judetheobscure,"The water ran out of him as he went, and he was compelled to lean against the wall to support himself while coughing. ÒYouÕve done for yourself by this, young man,Ó said she. ÒI donÕt know whether you know it.Ó ÒOf course I do. I meant to do for myself.Ó ÒWhatÑto commit suicide?Ó ÒCertainly.Ó ÒWell, IÕm blest! Kill yourself for a woman.Ó",romantic_reunion
158,judetheobscure,"


ÒBut I am not so weak in another way as you think. I made up my mind that a man confined to his room by inflammation of the lungs, a fellow who had only two wishes left in the world, to see a particular woman, and then to die, could neatly accomplish those two wishes at one stroke by taking this journey in the rain. That IÕve done. I have seen her for the last time, and IÕve finished myselfÑput an end to a feverish life which ought never to have been begun!Ó",romantic_reunion
159,judetheobscure,"Your father and mother couldnÕt get on together, and they parted. It was coming home from Alfredston market, when you were a babyÑon the hill by the Brown House barnÑthat they had their last difference, and took leave of one another for the last time. Your mother soon afterwards diedÑshe drowned herself, in short, and your father went away with you to South Wessex, and never came here any more.Ó",romantic_reunion
160,judetheobscure,ÒWhy died I not from the womb? Why did I not give up the ghost when I came out of the belly? É For now should I have lain still and been quiet. I should have slept: then had I been at rest!Ó,hopeless_empty_agony
161,juliuscaesar,"ANTONY: Of half that worth as those your swords, made rich With the most noble blood of all this world. I do beseech ye, if you bear me hard, Now, whilst your purpled hands do reek and smoke, Fulfill your pleasure. Live a thousand years, I shall not find myself so apt to die. No place will please me so, no means of death, As here by Caesar, and by you cut off, The choice and master spirits of this age.",noble_agented
162,juliuscaesar,"BRUTUS: Thou art a fellow of a good respect; Thy life hath had some smatch of honour in it. Hold then my sword, and turn away thy face, While I do run upon it. Wilt thou, Strato? STRATO: Give me your hand first. Fare you well, my lord. BRUTUS: Farewell, good Strato.ÑCaesar, now be still: I killÕd not thee with half so good a will. [He runs on his sword, and dies.]",guilt_penance_self_loathing
163,littledorrit,"I remonstrated on the want of duty and devotion manifested in her allowing herself to be influenced by their jealous animosity towards her husband. Madame Rigaud retorted; I retorted; Madame Rigaud grew warm; I grew warm, and provoked her. I admit it. Frankness is a part of my character. At length, Madame Rigaud, in an access of fury that I must ever deplore, threw herself upon me with screams of passion (no doubt those that were overheard at some distance), tore my clothes, tore my hair, lacerated my hands, trampled and trod the dust, and finally leaped over, dashing herself to death upon the rocks below. ",guilt_penance_self_loathing
164,littledorrit,"ÔMr Merdle has destroyed himself.Õ ÔSir,Õ said the Chief Butler, Ôthat is very unpleasant to the feelings of one in my position, as calculated to awaken prejudice; and I should wish to leave immediately.Õ ÔIf you are not shocked, are you not surprised, man?Õ demanded the Physician, warmly. The Chief Butler, erect and calm, replied in these memorable words. ÔSir, Mr Merdle never was the gentleman, and no ungentlemanly act on Mr MerdleÕs part would surprise me. Is there anybody else I can send to you, or any other directions I can give before I leave, respecting what you would wish to be done?Õ",cowardice_foolish_unpleasant
165,macbeth,"Tomorrow, and tomorrow, and tomorrow, Creeps in this petty pace from day to day, To the last syllable of recorded time; And all our yesterdays have lighted fools The way to dusty death. Out, out, brief candle! LifeÕs but a walking shadow; a poor player, That struts and frets his hour upon the stage, And then is heard no more: it is a tale Told by an idiot, full of sound and fury, Signifying nothing.",hopeless_empty_agony
166,macbeth,"Producing forth the cruel ministers Of this dead butcher, and his fiend-like queen, Who, as Õtis thought, by self and violent hands Took off her life",cowardice_foolish_unpleasant
167,madamebovary,"Everything in her head, of memories, ideas, went off at once like a thousand pieces of fireworks. She saw her father, LheureuxÕs closet, their room at home, another landscape. Madness was coming upon her; she grew afraid, and managed to recover herself, in a confused way, it is true, for she did not in the least remember the cause of the terrible condition she was in, that is to say, the question of money. She suffered only in her love, and felt her soul passing from her in this memory; as wounded men, dying, feel their life ebb from their bleeding wounds.",romantic_reunion
168,madamebovary,"Now her situation, like an abyss, rose up before her. She was panting as if her heart would burst. Then in an ecstasy of heroism, that made her almost joyous, she ran down the hill, crossed the cow-plank, the foot-path, the alley, the market, and reached the chemistÕs shop.",noble_agented
169,madamebovary,"The key turned in the lock, and she went straight to the third shelf, so well did her memory guide her, seized the blue jar, tore out the cork, plunged in her hand, and withdrawing it full of a white powder, she began eating it. ÒStop!Ó he cried, rushing at her. ÒHush! someone will come.Ó He was in despair, was calling out. ÒSay nothing, or all the blame will fall on your master.Ó Then she went home, suddenly calmed, and with something of the serenity of one that had performed a duty.",guilt_penance_self_loathing
170,madamebovary,"She heard the ticking of the clock, the crackling of the fire, and Charles breathing as he stood upright by her bed. ÒAh! it is but a little thing, death!Ó she thought. ÒI shall fall asleep and all will be over.Ó",hopeless_empty_agony
171,madamebovary,"he sank upon the carpet, and lay there with his head leaning against the edge of her bed, sobbing. ÒDonÕt cry,Ó she said to him. ÒSoon I shall not trouble you any more.Ó ÒWhy was it? Who drove you to it?Ó She replied. ÒIt had to be, my dear!Ó ÒWerenÕt you happy? Is it my fault? I did all I could!Ó ÒYes, that is true--you are good--you.Ó",guilt_penance_self_loathing
172,madamebovary,"And she passed her hand slowly over his hair. The sweetness of this sensation deepened his sadness; he felt his whole being dissolving in despair at the thought that he must lose her, just when she was confessing more love for him than ever. And he could think of nothing; he did not know, he did not dare; the urgent need for some immediate resolution gave the finishing stroke to the turmoil of his mind.",senseless_meaning_making
173,madamebovary,"So she had done, she thought, with all the treachery; and meanness, and numberless desires that had tortured her. She hated no one now; a twilight dimness was settling upon her thoughts, and, of all earthly noises, Emma heard none but the intermittent lamentations of this poor heart, sweet and indistinct like the echo of a symphony dying away.",guilt_penance_self_loathing
174,madamebovary,"The priest rose to take the crucifix; then she stretched forward her neck as one who is athirst, and glueing her lips to the body of the Man-God, she pressed upon it with all her expiring strength the fullest kiss of love that she had ever given. Then he recited the Misereatur and the Indulgentiam, dipped his right thumb in the oil, and began to give extreme unction. First upon the eyes, that had so coveted all worldly pomp; then upon the nostrils, that had been greedy of the warm breeze and amorous odours; then upon the mouth, that had uttered lies, that had curled with pride and cried out in lewdness; then upon the hands that had delighted in sensual touches; and finally upon the soles of the feet, so swift of yore, when she was running to satisfy her desires, and that would now walk no more.",guilt_penance_self_loathing
175,othello,"OTHELLO: I pray you, in your letters, When you shall these unlucky deeds relate, Speak of me as I am. Nothing extenuate, Nor set down aught in malice. Then must you speak Of one that loved not wisely, but too well.",senseless_meaning_making
176,othello,"Set you down this. And say besides, that in Aleppo once, Where a malignant and a turbanÕd Turk Beat a Venetian and traducÕd the state, I took by the throat the circumcised dog, And smote him, thus. [Stabs himself.]",guilt_penance_self_loathing
177,othello,"IAGO: I bleed, sir, but not killÕd. OTHELLO:I am not sorry neither. IÕd have thee live, For in my sense Õtis happiness to die.",hopeless_empty_agony
178,othello,"Cold, cold, my girl! Even like thy chastity. O cursed, cursed slave! Whip me, ye devils, From the possession of this heavenly sight! Blow me about in winds, roast me in sulphur, Wash me in steep-down gulfs of liquid fire! O Desdemona! Dead, Desdemona! dead! Oh, oh!",guilt_penance_self_loathing
179,romeoandjuliet,"I still will stay with thee, And never from this palace of dim night Depart again. Here, here will I remain With worms that are thy chambermaids. O, here Will I set up my everlasting rest; And shake the yoke of inauspicious stars From this world-wearied flesh.",romantic_reunion
180,romeoandjuliet,"Eyes, look your last. Arms, take your last embrace! And, lips, O you The doors of breath, seal with a righteous kiss A dateless bargain to engrossing death.",romantic_reunion
181,romeoandjuliet,HereÕs to my love! [Drinks.] O true apothecary! Thy drugs are quick. Thus with a kiss I die. [Dies.],romantic_reunion
182,romeoandjuliet,"A cup closÕd in my true loveÕs hand? Poison, I see, hath been his timeless end. O churl. Drink all, and left no friendly drop To help me after? I will kiss thy lips. Haply some poison yet doth hang on them, To make me die with a restorative. O happy dagger. [Snatching RomeoÕs dagger.] This is thy sheath. [stabs herself] There rest, and let me die.",romantic_reunion
183,romeoandjuliet,"Let me have A dram of poison, such soon-speeding gear As will disperse itself through all the veins, That the life-weary taker may fall dead, And that the trunk may be dischargÕd of breath As violently as hasty powder firÕd Doth hurry from the fatal cannonÕs womb.",romantic_reunion
184,romeoandjuliet,"Come, cordial and not poison, go with me To JulietÕs grave, for there must I use thee.",romantic_reunion
185,theawakening,"She thought of Lonce and the children. They were a part of her life. But they need not have thought that they could possess her, body and soul. How Mademoiselle Reisz would have laughed, perhaps sneered, if she knew! ÒAnd you call yourself an artist! What pretensions, Madame! The artist must possess the courageous soul that dares and defies.Ó",noble_agented
186,theawakening,"
Exhaustion was pressing upon and overpowering her. ÒGood-byeÑbecause I love you.Ó He did not know; he did not understand. He would never understand. Perhaps Doctor Mandelet would have understood if she had seen himÑbut it was too late; the shore was far behind her, and her strength was gone.",romantic_reunion
187,theawakening,"
She looked into the distance, and the old terror flamed up for an instant, then sank again. Edna heard her fatherÕs voice and her sister MargaretÕs. She heard the barking of an old dog that was chained to the sycamore tree. The spurs of the cavalry officer clanged as he walked across the porch. There was the hum of bees, and the musky odor of pinks filled the air.",noble_agented
188,theblithedaleromance,"It still impresses me as almost a matter of regret that I did not die then, when I had tolerably made up my mind to it; for Hollingsworth would have gone with me to the hither verge of life, and have sent his friendly and hopeful accents far over on the other side, while I should be treading the unknown path.  Now, were I to send for him, he would hardly come to my bedside, nor should I depart the easier for his presence.",romantic_reunion
189,theblithedaleromance,"
""Have you nothing to do in life,"" asked Hollingsworth, ""that you fancy yourself so ready to leave it?"" ""Nothing,"" answered I; ""nothing that I know of, unless to make pretty verses, and play a part, with Zenobia and the rest of the amateurs, in our pastoral.  It seems but an unsubstantial sort of business, as viewed through a mist of fever."" ",hopeless_empty_agony
190,theblithedaleromance,"She had seen pictures, I suppose, of drowned persons in lithe and graceful attitudes. And she deemed it well and decorous to die as so many village maidens have, wronged in their first love, and seeking peace in the bosom of the old familiar stream,--so familiar that they could not dread it,--where, in childhood, they used to bathe their little feet, wading mid-leg deep, unmindful of wet skirts.  ",romantic_reunion
191,theblithedaleromance,"But in Zenobia's case there was some tint of the Arcadian affectation that had been visible enough in all our lives for a few months past. This, however, to my conception, takes nothing from the tragedy.  For, has not the world come to an awfully sophisticated pass, when, after a certain degree of acquaintance with it, we cannot even put ourselves to death in whole-hearted simplicity?  ",senseless_meaning_making
192,thecustomofthecountry,"She had always, when it came to that, done what her father and mother wanted, but she'd given up trying to make out what they were after, unless it was to make her miserable; and if that was it, hadn't they had enough of it by this time? She had, anyhow. But after this she meant to lead her own life; and they needn't ask her where she was going, or what she meant to do, because this time she'd die before she told them--and they'd made life so hateful to her that she only wished she was dead already.",noble_agented
193,thecustomofthecountry,"""My dear, I was on the brink of suicide when I saw your name in the visitors' list,"" she explained; and Undine felt like answering that she had nearly reached the same pass when the Princess's thin little hand had been held out to her. For the moment she was dizzy with the effect of that random gesture. Here she was, at the lowest ebb of her fortunes, miraculously rehabilitated, reinstated, and restored to the old victorious sense of her youth and her power! Her sole graces, her unaided personality, had worked the miracle; how should she not trust in them hereafter?",romantic_reunion
194,thecustomofthecountry,"As he raised himself he listened again, and this time he distinctly heard the old servant's steps on the stairs. He passed his left hand over the side of his head, and down the curve of the skull behind the ear. He said to himself: ""My wife ... this will make it all right for her...."" and a last flash of irony twitched through him. Then he felt again, more deliberately, for the spot he wanted, and put the muzzle of his revolver against it.",guilt_penance_self_loathing
195,thegoodsoldier,"She had lived with the Ashburnhams ever since she had been of the age of thirteen, when her mother was said to have committed suicide owing to the brutalities of her father. ",hopeless_empty_agony
196,thegoodsoldier,"""I think it was stupid of Florence to commit suicide.""",cowardice_foolish_unpleasant
197,thegoodsoldier,I had no possible guide to the idea of suicide and the sight of the little flask of nitrate of amyl in Florence's hand suggested instantly to my mind the idea of the failure of her heart. ,senseless_meaning_making
198,thegoodsoldier,"Nitrate of amyl, you understand, is the drug that is given to relieve sufferers from angina pectoris. Seeing Florence, as I had seen her, running with a white face and with one hand held over her heart, and seeing her, as I immediately afterwards saw her, lying upon her bed with the so familiar little brown flask clenched in her fingers, it was natural enough for my mind to frame the idea. As happened now and again, I thought, she had gone out without her remedy and, having felt an attack coming on whilst she was in the gardens, she had run in to get the nitrate in order, as quickly as possible, to obtain relief. And it was equally inevitable my mind should frame the thought that her heart, unable to stand the strain of the running, should have broken in her side. How could I have known that, during all the years of our married life, that little brown flask had contained, not nitrate of amyl, but prussic acid? It was inconceivable.",senseless_meaning_making
199,thegoodsoldier,"It can't have been only Bagshawe. Her face was contorted with agony before ever her eyes fell upon me or upon him beside me. But I dare say Bagshawe may have been the determining influence in her suicide. Leonora says that she had that flask, apparently of nitrate of amyl, but actually of prussic acid, for many years and that she was determined to use it if ever I discovered the nature of her relationship with that fellow Jimmy. ",guilt_penance_self_loathing
200,thepictureofdoriangray,"You see, the mainspring of her nature must have been vanity. There is no reason why it shouldn't have been; I guess it is vanity that makes most of us keep straight, if we do keep straight, in this world.",guilt_penance_self_loathing
201,thepictureofdoriangray,"But what she didn't want me to know was the fact of her first escapade with the fellow called Jimmy. She had arrived at figuring out the sort of low-down Bowery tough that that fellow was. Do you know what it is to shudder, in later life, for some small, stupid action, usually for some small, quite genuine piece of emotionalism, of your early life? Well, it was that sort of shuddering that came over Florence at the thought that she had surrendered to such a low fellow. ",guilt_penance_self_loathing
202,thepictureofdoriangray,"Anyhow, I am convinced that the sight of Mr Bagshawe and the thought that Mr Bagshawe, for she knew that unpleasant and toadlike personality, the thought that Mr Bagshawe would almost certainly reveal to me that he had caught her coming out of Jimmy's bedroom at five o'clock in the morning on the 4th of August, 1900; that was the determining influence in her suicide. ",guilt_penance_self_loathing
203,thepictureofdoriangray,"And no doubt the effect of the date was too much for her superstitious personality. She had been born on the 4th of August; she had started to go round the world on the 4th of August; she had become a low fellow's mistress on the 4th of August. On the same day of the year she had married me; on that 4th she had lost Edward's love, and Bagshawe had appeared like a sinister omen, like a grin on the face of Fate. It was the last straw. ",hopeless_empty_agony
204,thepictureofdoriangray,"She ran upstairs, arranged herself decoratively upon her bed--she was a sweetly pretty woman with smooth pink and white cheeks, long hair, the eyelashes falling like a tiny curtain on her cheeks. She drank the little phial of prussic acid and there she lay. O, extremely charming and clear-cut, looking with a puzzled expression at the electric-light bulb that hung from the ceiling, or perhaps through it, to the stars above. Who knows? Anyhow, there was an end of Florence.",romantic_reunion
205,thepictureofdoriangray,"The end was perfectly plain to each of them; it was perfectly manifest at this stage that, if the girl did not, in Leonora's phrase, ""belong to Edward,"" Edward must die, the girl must lose her reason because Edward died, and, that after a time, Leonora, who was the coldest and the strongest of the three, would console herself by marrying Rodney Bayham and have a quiet, comfortable, good time. ",romantic_reunion
206,thepictureofdoriangray,"That end, on that night, whilst Leonora sat in the girl's bedroom and Edward telephoned down below, that end was plainly manifest. The girl, plainly, was half-mad already; Edward was half dead; only Leonora, active, persistent, instinct with her cold passion of energy, was ""doing things"". ",hopeless_empty_agony
207,thepictureofdoriangray,"What then, should they have done? Worked out in the extinction of two very splendid personalities, for Edward and the girl were splendid personalities, in order that a third personality, more normal, should have, after a long period of trouble, a quiet, comfortable, good time.",senseless_meaning_making
208,thepictureofdoriangray,"I don't know why I should always be selected to be serviceable. I don't resent it, but I have never been the least good. Florence selected me for her own purposes, and I was no good to her; Edward called me to come and have a chat with him, and I couldn't stop him cutting his throat.",senseless_meaning_making
209,thepictureofdoriangray,"""Safe Brindisi. Having rattling good time. Nancy."" Well, Edward was the English gentleman; but he was also, to the last, a sentimentalist, whose mind was compounded of indifferent poems and novels. He just looked up to the roof of the stable, as if he were looking to Heaven, and whispered something that I did not catch. Then he put two fingers into the waistcoat pocket of his grey, frieze suit; they came out with a little neat pen-knife--quite a small pen-knife.",romantic_reunion
210,thepictureofdoriangray,"
I didn't think he was wanted in the world, let his confounded tenants, his rifle-associations, his drunkards, reclaimed and unreclaimed, get on as they liked. Not all the hundreds and hundreds of them deserved that that poor devil should go on suffering for their sakes. When he saw that I did not intend to interfere with him his eyes became soft and almost affectionate. He remarked: ""So long, old man, I must have a bit of a rest, you know.""",hopeless_empty_agony
211,thepictureofdoriangray,"He looked round and saw the knife that had stabbed Basil Hallward. He had cleaned it many times, till there was no stain left upon it. It was bright, and glistened. As it had killed the painter, so it would kill the painterÕs work, and all that that meant. It would kill the past, and when that was dead, he would be free. It would kill this monstrous soul-life, and without its hideous warnings, he would be at peace. He seized the thing, and stabbed the picture with it.",hopeless_empty_agony
212,thepictureofdoriangray,Why is your friendship so fatal to young men? There was that wretched boy in the Guards who committed suicide. You were his great friend. ,romantic_reunion
213,thepictureofdoriangray,"ÒTo cure the soul by means of the senses, and the senses by means of the soul!Ó How the words rang in his ears! His soul, certainly, was sick to death. Was it true that the senses could cure it? Innocent blood had been spilled. What could atone for that? Ah! for that there was no atonement; but though forgiveness was impossible, forgetfulness was possible still, and he was determined to forget, to stamp the thing out, to crush it as one would crush the adder that had stung one.",hopeless_empty_agony
214,thepictureofdoriangray,What is it that has really happened? Some one has killed herself for love of you. I wish that I had ever had such an experience. It would have made me in love with love for the rest of my life.,romantic_reunion
215,thepictureofdoriangray,"""She had no right to kill herself. It was selfish of her.""",cowardice_foolish_unpleasant
216,thepictureofdoriangray,"""And yet I must admit that this thing that has happened does not affect me as it should. It seems to me to be simply like a wonderful ending to a wonderful play. It has all the terrible beauty of a Greek tragedy, a tragedy in which I took a great part, but by which I have not been wounded.Ó",romantic_reunion
217,thepictureofdoriangray,"how different Sibyl Vane must have been from all the women one meets! There is something to me quite beautiful about her death. I am glad I am living in a century when such wonders happen. They make one believe in the reality of the things we all play with, such as romance, passion, and love.Ó",romantic_reunion
218,thepictureofdoriangray,"ÒYou said to me that Sibyl Vane represented to you all the heroines of romanceÑthat she was Desdemona one night, and Ophelia the other; that if she died as Juliet, she came to life as Imogen.Ó",romantic_reunion
219,thepictureofdoriangray,"But you must think of that lonely death in the tawdry dressing-room simply as a strange lurid fragment from some Jacobean tragedy, as a wonderful scene from Webster, or Ford, or Cyril Tourneur. The girl never really lived, and so she has never really died. ",romantic_reunion
220,thepictureofdoriangray,"To you at least she was always a dream, a phantom that flitted through ShakespeareÕs plays and left them lovelier for its presence, a reed through which ShakespeareÕs music sounded richer and more full of joy. The moment she touched actual life, she marred it, and it marred her, and so she passed away. ",romantic_reunion
221,thepictureofdoriangray,"""Mourn for Ophelia, if you like. Put ashes on your head because Cordelia was strangled. Cry out against Heaven because the daughter of Brabantio died. But donÕt waste your tears over Sibyl Vane. She was less real than they are.Ó",romantic_reunion
222,thepictureofdoriangray,"Poor Sibyl! What a romance it had all been! She had often mimicked death on the stage. Then Death himself had touched her and taken her with him. How had she played that dreadful last scene? Had she cursed him, as she died? No; she had died for love of him, and love would always be a sacrament to him now. She had atoned for everything by the sacrifice she had made of her life. ",romantic_reunion
223,thepictureofdoriangray,"He would not think any more of what she had made him go through, on that horrible night at the theatre. When he thought of her, it would be as a wonderful tragic figure sent on to the worldÕs stage to show the supreme reality of love.",romantic_reunion
224,thepictureofdoriangray,"It is one of the great romantic tragedies of the age. As a rule, people who act lead the most commonplace lives. They are good husbands, or faithful wives, or something tedious. You know what I meanÑmiddle-class virtue and all that kind of thing. How different Sibyl was! She lived her finest tragedy. She was always a heroine. ",romantic_reunion
225,thepictureofdoriangray,"The last night she playedÑthe night you saw herÑshe acted badly because she had known the reality of love. When she knew its unreality, she died, as Juliet might have died. She passed again into the sphere of art. There is something of the martyr about her. Her death has all the pathetic uselessness of martyrdom, all its wasted beauty. ",romantic_reunion
226,thepictureofdoriangray,"ÒYou wrecked the life of Sibyl Vane,Ó was the answer, Òand Sibyl Vane was my sister. She killed herself. I know it. Her death is at your door.""",hopeless_empty_agony
227,thepictureofdoriangray,"Youth is the only thing worth having. When I find that I am growing old, I shall kill myself.Ó",hopeless_empty_agony
228,thesecretagent,"ÒNo, I canÕt imagine. ItÕs possible that he never thought of that at all. It sounds an extravagant way of putting it, Sir Ethelred, but his state of dismay suggested to me an impulsive man who, after committing suicide with the notion that it would end all his troubles, had discovered that it did nothing of the kind.Ó",hopeless_empty_agony
229,thesecretagent,"At the door he hesitated, blinking at a not too splendid sunlightÑand the paper with the report of the suicide of a lady was in his pocket. His heart was beating against it. The suicide of a ladyÑthis act of madness or despair.",senseless_meaning_making
230,thesecretagent,"She lamented aloud her love of life, that life without grace or charm, and almost without decency, but of an exalted faithfulness of purpose, even unto murder. And, as often happens in the lament of poor humanity, rich in suffering but indigent in words, the truthÑthe very cry of truthÑwas found in a worn and artificial shape picked up somewhere among the phrases of sham sentiment. ÒHow could I be so afraid of death! Tom, I tried. But I am afraid. I tried to do away with myself. And I couldnÕt. Am I hard? I suppose the cup of horrors was not full enough for such as me.  

",senseless_meaning_making
231,thesecretagent,"He smiled to himself grimly. ÒTell me, Ossipon, terrible man, has ever one of your victims killed herself for youÑor are your triumphs so far incompleteÑfor blood alone puts a seal on greatness? Blood. Death. Look at history.Ó",romantic_reunion
232,thesecretagent,"ÒYou will save me, Tom,Ó she broke out, recoiling, but still keeping her hold on him by the two lapels of his damp coat. ÒSave me. Hide me. DonÕt let them have me. You must kill me first. I couldnÕt do it myselfÑI couldnÕt, I couldnÕtÑnot even for what I am afraid of.Ó",hopeless_empty_agony
233,thesorrowsofyoungwerther,"She is to me a sacred being. All passion is still in her presence: I cannot express my sensations when I am near her. I feel as if my soul beat in every nerve of my body. There is a melody which she plays on the piano with angelic skill,--so simple is it, and yet so spiritual! It is her favourite air; and, when she plays the first note, all pain, care, and sorrow disappear from me in a moment. I believe every word that is said of the magic of ancient music. How her simple song enchants me! Sometimes, when I am ready to commit suicide, she sings that air; and instantly the gloom and madness which hung over me are dispersed, and I breathe freely again.",romantic_reunion
234,thesorrowsofyoungwerther,"""This is another of your extravagant humours,"" said Albert: ""you always exaggerate a case, and in this matter you are undoubtedly wrong; for we were speaking of suicide, which you compare with great actions, when it is impossible to regard it as anything but a weakness. It is much easier to die than to bear a life of misery with fortitude.""",cowardice_foolish_unpleasant
235,thesorrowsofyoungwerther,"The world is everywhere the same,--a scene of labour and pain, of pleasure and reward; but what does it all avail? ",hopeless_empty_agony
236,thesorrowsofyoungwerther,"I am happy only where thou art, and in thy presence am I content to suffer or enjoy."" And wouldst thou, heavenly Father, banish such a child from thy presence?",romantic_reunion
237,thesorrowsofyoungwerther,"When the servant brought the pistols to Werther, the latter received them with transports of delight upon hearing that Charlotte had given them to him with her own hand. He ate some bread, drank some wine, sent his servant to dinner, and then sat down to write as follows: ""They have been in your hands you wiped the dust from them. I kiss them a thousand times--you have touched them. Yes, Heaven favours my design, and you, Charlotte, provide me with the fatal instruments. It was my desire to receive my death from your hands, and my wish is gratified.",romantic_reunion
238,thesorrowsofyoungwerther,"
I have made inquiries of my servant. You trembled when you gave him the pistols, but you bade me no adieu. Wretched, wretched that I am--not one farewell! How could you shut your heart against me in that hour which makes you mine for ever? Charlotte, ages cannot efface the impression--I feel you cannot hate the man who so passionately loves you!""",romantic_reunion
239,thesorrowsofyoungwerther,"""Wilhelm, I have for the last time beheld the mountains, the forests, and the sky. Farewell! And you, my dearest mother, forgive me! Console her, Wilhelm. God bless you! I have settled all my affairs! Farewell! We shall meet again, and be happier than ever.""",guilt_penance_self_loathing
240,thesorrowsofyoungwerther,"
""I have requited you badly, Albert; but you will forgive me. I have disturbed the peace of your home. I have sowed distrust between you. Farewell! I will end all this wretchedness. And oh, that my death may render you happy! Albert, Albert! make that angel happy, and the blessing of Heaven be upon you!""",guilt_penance_self_loathing
241,thesorrowsofyoungwerther,"""See, Charlotte, I do not shudder to take the cold and fatal cup, from which I shall drink the draught of death. Your hand presents it to me, and I do not tremble. ",romantic_reunion
242,thesorrowsofyoungwerther,"All, all is now concluded: the wishes and the hopes of my existence are fulfilled. With cold, unflinching hand I knock at the brazen portals of Death. ",noble_agented
243,thesorrowsofyoungwerther,"Oh, that I had enjoyed the bliss of dying for you! how gladly would I have sacrificed myself for you; Charlotte! And could I but restore peace and joy to your bosom, with what resolution, with what joy, would I not meet my fate! But it is the lot of only a chosen few to shed their blood for their friends, and by their death to augment, a thousand times, the happiness of those by whom they are beloved.",romantic_reunion
244,thesorrowsofyoungwerther,"How warmly have I been attached to you, Charlotte! Since the first hour I saw you, how impossible have I found it to leave you. This ribbon must be buried with me: it was a present from you on my birthday. How confused it all appears! Little did I then think that I should journey this road. But peace! I pray you, peace! ""They are loaded--the clock strikes twelve. I say amen. Charlotte, Charlotte! farewell, farewell!"" A neighbour saw the flash, and heard the report of the pistol; but, as everything remained quiet, he thought no more of it.",romantic_reunion
245,thesorrowsofyoungwerther,"
The steward and his sons followed the corpse to the grave. Albert was unable to accompany them. Charlotte's life was despaired of. The body was carried by labourers. No priest attended.",cowardice_foolish_unpleasant
246,thewish,"""Things have gone differently. To-day, in a moment of forgetfulness, I threw myself upon his neck. Too late I comprehended that now escape from him was no longer possible. But, rather than be his, I will seek death.",romantic_reunion
247,thewish,"
""Keep secret from the world, and especially from the man I love, that I took my own life. Let him believe that my happiness killed me. I shall destroy everything that might point to suicide; there will only be indications that I died of syncope or apoplexy.",cowardice_foolish_unpleasant
248,thewish,"before my eyes sparks are constantly dancing, my body is convulsed, and my blood rushes like fire through my veins. And yet I am quite calm with it all, and see everything all around as clearly as if I could look right through it. Only the one thing I cannot comprehend--it haunts me like a terrible phantom by day and by night, and when I seek to grasp it, it escapes me--this one thing: Wherefore did she die?""",senseless_meaning_making
249,thewish,"
""As things were much too straightforward to please me, I invented a number of additional obstacles--our parents' refusal, nocturnal meetings at the frontier trench, surprise by the Cossacks, imprisonment, paternal, maledictions, flight, and finally death together in the waves; for only hereby, so it seemed to me, could true love be worthily sealed and confirmed.",romantic_reunion
250,thewish,"""'Even a poor, weak animal like this resists when one tries to kill it,' I thought to myself, 'but my lady sister humbly kisses the hand that wields the knife against her.'""",cowardice_foolish_unpleasant
251,thewish,"""Yes, I loved him, loved him with such ardour, such pain, as only a heart can love which has been steeled by the glow of hatred and suffering. And not since to-day, not since yesterday! I had grown up with this love, I had clung to it in secret heart's desire, my whole being had derived its strength from it, with it I stood and fell, in it lay my life and my death.",romantic_reunion
252,thewish,"""At that moment something within me grew rigid, turned to stone. At that moment hope died within me, and with it my faith in myself, in happiness, in goodness. A great calm came over me. Death, which hovered over this bed, had spread its dark pinions around my body too."" ",hopeless_empty_agony
253,thewish,"With the clear vision of a prophetess, I saw what yet remained to me of life, spread out unveiled before my eyes. Like one dead I should henceforth have to wander upon earth, like one dead I should have to cling to life, like one dead see that happiness approach me, which was for ever lost to me. Robert stepped up to me and embraced me. I calmly suffered it, I felt nothing more.",hopeless_empty_agony
254,thewish,"""No feverish illusion, no morbid self-incrimination any longer disturbed the course of my ideas. It was by this time clear to me that my wish could not in reality bring death upon her, and yet--for me and my conscience it remained the wish alone which had killed her.",guilt_penance_self_loathing
255,thewish,"
""Thus I sat, as her murderess, at her bedside, and waited for her death which was also mine.",guilt_penance_self_loathing
256,thewish,"Mother, I ask you once more: why did she die?"" He was leaning against the wall and stared at her with half-closed, blood-shot eyes. Mrs. Hellinger had meanwhile commenced to cry. ""Do you suppose I know?"" she sobbed; ""do you suppose anybody at all knows? We found her in her bed, that is all. She has brought disgrace upon our house, the miserable creature""",cowardice_foolish_unpleasant
257,thewish,"""'But I know myself,' said she. 'I break it off.' ""'Martha!' I cried, horrified. ""'I know very well,' she said, 'that I shall die of it, but what does that matter? I am of very little account. It is better so, than that I should make him unhappy.'",guilt_penance_self_loathing
258,thewish,"""What is the good of clinging to happiness when one has long since forfeited it? Should I not slink about like some poor criminal in her last hours, everlastingly tortured by the fear of betraying myself to him, and yet filled with the desire to proclaim my guilt to the whole world?""",guilt_penance_self_loathing
259,thewish,"How could I sleep in the bed out of which I wished her into her grave! How could I wake between the walls on which there still stands written in flaming letters: 'Oh, that she might die!'",guilt_penance_self_loathing
